{"Num_Bank_Accounts_[5.50, 8.50) (vs [8.50, inf))": 2.869517422719583, "Changed_Credit_Limit_(-inf, 10.32) (vs [10.32, 11.97))": 2.4018960721411933, "Delay_from_due_date_[15.50, 30.50) (vs [30.50, inf))": 2.673889943878685, "Monthly_Inhand_Salary_[889.56, 1684.87) (vs [1684.87, 6822.59))": 2.09444655581318, "Annual_Income_[83709.80, 113015.18) (vs (-inf, 10270.89))": 2.9351808343442296, "Num_Credit_Card_[3.50, 4.50) (vs [7.50, inf))": 2.138098769800056, "Monthly_Balance_[326.15, 564.57) (vs [270.76, 326.15))": 2.086846652511603, "Outstanding_Debt_[1248.06, 1500.01) (vs [1500.01, inf))": 2.0718931639604112, "Credit_Mix_NAN (vs Bad)": 2.5889278128374835, "Annual_Income_[20994.00, 83709.80) (vs (-inf, 10270.89))": 5.192184380885939}